{
    "close_mutation_epsilon": 0.4,
    "close_mutation_rate": 0.0009999965550377965,
    "mutation_rate": 0.0010001008631661534,
    "mutation_type_chance": 0.8499999046325684,
    "num_layers_mutation_chance": 0.5,
    "num_maps": 5,
    "playstyle_mutation_rate": 0.09999999403953552,
    "population_size": 100,
    "sight_size_mutation_epsilon": 3,
    "sight_size_mutation_rate": 0.05000002682209015,
    "top_percentile": 0.4999998211860657,
    "topology_mutation_chance": 0.10000002384185791,
    "topology_mutation_rate": 0.004999999888241291
}
