{
    "close_mutation_epsilon": 0.4,
    "close_mutation_rate": 9.999999747378752e-06,
    "mutation_rate": 2.000000313273631e-05,
    "mutation_type_chance": 0.9000000953674316,
    "num_layers_mutation_chance": 0.5,
    "population_size": 200,
    "top_percentile": 0.20000000298023224,
    "topology_mutation_chance": 0.20000000298023224
}
