{
    "close_mutation_epsilon": 0.4,
    "close_mutation_rate": 0.0009999965550377965,
    "mutation_rate": 0.0010001008631661534,
    "mutation_type_chance": 0.8000003695487976,
    "num_layers_mutation_chance": 0.5,
    "population_size": 10,
    "top_percentile": 0.20000001788139343,
    "topology_mutation_chance": 0.10000002384185791,
    "topology_mutation_rate": 0.00010000023030443117
}
